Epoch;accuracy
1;0.976854976378578
2;0.9798245265790623
3;0.9808209932907221
